"prov","age","epiyr","epiwk","date_wk_start","date_wk_end","rate_wkly"
"ON","12_17",2020,51,2020-12-14,2020-12-19,NA
"ON","12_17",2020,52,2020-12-20,2020-12-26,1
"ON","12_17",2020,53,2020-12-27,2021-01-02,1
"ON","12_17",2021,1,2021-01-03,2021-01-09,4
"ON","12_17",2021,2,2021-01-10,2021-01-16,4
"ON","12_17",2021,3,2021-01-17,2021-01-23,2
"ON","12_17",2021,4,2021-01-24,2021-01-30,1
"ON","12_17",2021,5,2021-01-31,2021-02-06,4
"ON","12_17",2021,6,2021-02-07,2021-02-13,3
"ON","12_17",2021,7,2021-02-14,2021-02-20,9
"ON","12_17",2021,8,2021-02-21,2021-02-27,14
"ON","12_17",2021,9,2021-02-28,2021-03-06,43
"ON","12_17",2021,10,2021-03-07,2021-03-13,40
"ON","12_17",2021,11,2021-03-14,2021-03-20,37
"ON","12_17",2021,12,2021-03-21,2021-03-27,55
"ON","12_17",2021,13,2021-03-28,2021-04-03,53
"ON","12_17",2021,14,2021-04-04,2021-04-10,112
"ON","12_17",2021,15,2021-04-11,2021-04-17,194
"ON","12_17",2021,16,2021-04-18,2021-04-24,177
"ON","12_17",2021,17,2021-04-25,2021-05-01,209
"ON","12_17",2021,18,2021-05-02,2021-05-08,648
"ON","12_17",2021,19,2021-05-09,2021-05-15,1614
"ON","12_17",2021,20,2021-05-16,2021-05-22,40856
"ON","12_17",2021,21,2021-05-23,2021-05-29,95315
"ON","12_17",2021,22,2021-05-30,2021-06-05,98316
"ON","12_17",2021,23,2021-06-06,2021-06-12,88687
"ON","12_17",2021,24,2021-06-13,2021-06-19,59751
"ON","12_17",2021,25,2021-06-20,2021-06-26,34881
"ON","12_17",2021,26,2021-06-27,2021-07-03,20982
"ON","12_17",2021,27,2021-07-04,2021-07-10,16532
"ON","12_17",2021,28,2021-07-11,2021-07-17,17039
"ON","12_17",2021,29,2021-07-18,2021-07-24,16897
"ON","12_17",2021,30,2021-07-25,2021-07-31,17904
"ON","12_17",2021,31,2021-08-01,2021-08-07,12318
"ON","12_17",2021,32,2021-08-08,2021-08-14,11115
"ON","12_17",2021,33,2021-08-15,2021-08-21,22195
"ON","12_17",2021,34,2021-08-22,2021-08-28,18711
"ON","12_17",2021,35,2021-08-29,2021-09-04,17049
"ON","12_17",2021,36,2021-09-05,2021-09-11,11600
"ON","12_17",2021,37,2021-09-12,2021-09-18,9680
"ON","12_17",2021,38,2021-09-19,2021-09-25,9624
"ON","12_17",2021,39,2021-09-26,2021-10-02,7792
"ON","12_17",2021,40,2021-10-03,2021-10-09,6569
"ON","12_17",2021,41,2021-10-10,2021-10-16,5240
"ON","12_17",2021,42,2021-10-17,2021-10-23,5060
"ON","12_17",2021,43,2021-10-24,2021-10-30,3962
"ON","12_17",2021,44,2021-10-31,2021-11-06,3572
"ON","12_17",2021,45,2021-11-07,2021-11-13,3362
"ON","12_17",2021,46,2021-11-14,2021-11-20,3114
"ON","12_17",2021,47,2021-11-21,2021-11-27,13097
"ON","12_17",2021,48,2021-11-28,2021-12-04,34533
"ON","12_17",2021,49,2021-12-05,2021-12-11,24002
"ON","12_17",2021,50,2021-12-12,2021-12-18,14658
"ON","12_17",2021,51,2021-12-19,2021-12-25,9203
"ON","12_17",2021,52,2021-12-26,2022-01-01,5842
"ON","12_17",2022,1,2022-01-02,2022-01-08,6790
"ON","12_17",2022,2,2022-01-09,2022-01-15,7839
"ON","12_17",2022,3,2022-01-16,2022-01-22,5423
"ON","12_17",2022,4,2022-01-23,2022-01-29,4037
"ON","12_17",2022,5,2022-01-30,2022-02-05,3090
"ON","12_17",2022,6,2022-02-06,2022-02-12,2416
"ON","12_17",2022,7,2022-02-13,2022-02-19,1387
"ON","12_17",2022,8,2022-02-20,2022-02-26,1109
"ON","12_17",2022,9,2022-02-27,2022-03-05,893
"ON","12_17",2022,10,2022-03-06,2022-03-12,769
"ON","12_17",2022,11,2022-03-13,2022-03-19,795
"ON","12_17",2022,12,2022-03-20,2022-03-26,566
"ON","12_17",2022,13,2022-03-27,2022-04-02,498
"ON","12_17",2022,14,2022-04-03,2022-04-09,549
"ON","12_17",2022,15,2022-04-10,2022-04-16,520
"ON","12_17",2022,16,2022-04-17,2022-04-23,544
"ON","12_17",2022,17,2022-04-24,2022-04-30,570
"ON","12_17",2022,18,2022-05-01,2022-05-07,579
"ON","12_17",2022,19,2022-05-08,2022-05-14,576
"ON","12_17",2022,20,2022-05-15,2022-05-21,522
"ON","12_17",2022,21,2022-05-22,2022-05-28,503
"ON","12_17",2022,22,2022-05-29,2022-06-04,518
"ON","12_17",2022,23,2022-06-05,2022-06-11,474
"ON","12_17",2022,24,2022-06-12,2022-06-18,322
"ON","12_17",2022,25,2022-06-19,2022-06-25,239
"ON","12_17",2022,26,2022-06-26,2022-07-02,224
"ON","12_17",2022,27,2022-07-03,2022-07-09,288
"ON","12_17",2022,28,2022-07-10,2022-07-16,295
"ON","12_17",2022,29,2022-07-17,2022-07-23,331
"ON","12_17",2022,30,2022-07-24,2022-07-30,351
"ON","12_17",2022,31,2022-07-31,2022-08-06,307
"ON","12_17",2022,32,2022-08-07,2022-08-13,359
"ON","12_17",2022,33,2022-08-14,2022-08-20,335
"ON","12_17",2022,34,2022-08-21,2022-08-27,341
"ON","12_17",2022,35,2022-08-28,2022-09-03,354
"ON","12_17",2022,36,2022-09-04,2022-09-10,196
"ON","12_17",2022,37,2022-09-11,2022-09-17,207
"ON","12_17",2022,38,2022-09-18,2022-09-24,153
"ON","12_17",2022,39,2022-09-25,2022-10-01,92
"ON","12_17",2022,40,2022-10-02,2022-10-08,100
"ON","12_17",2022,41,2022-10-09,2022-10-15,66
"ON","12_17",2022,42,2022-10-16,2022-10-22,83
"ON","12_17",2022,43,2022-10-23,2022-10-29,96
"ON","12_17",2022,44,2022-10-30,2022-11-05,96
"ON","12_17",2022,45,2022-11-06,2022-11-12,89
"ON","12_17",2022,46,2022-11-13,2022-11-19,136
"ON","12_17",2022,47,2022-11-20,2022-11-26,107
"ON","12_17",2022,48,2022-11-27,2022-12-03,109
"ON","12_17",2022,49,2022-12-04,2022-12-10,78
"ON","12_17",2022,50,2022-12-11,2022-12-17,76
"ON","12_17",2022,51,2022-12-18,2022-12-24,74
"ON","12_17",2022,52,2022-12-25,2022-12-31,76
"ON","12_17",2023,1,2023-01-01,2023-01-07,122
"ON","12_17",2023,2,2023-01-08,2023-01-14,81
"ON","12_17",2023,3,2023-01-15,2023-01-21,68
"ON","12_17",2023,4,2023-01-22,2023-01-28,50
"ON","12_17",2023,5,2023-01-29,2023-01-29,5
"ON","18_29",2020,51,2020-12-14,2020-12-19,NA
"ON","18_29",2020,52,2020-12-20,2020-12-26,1081
"ON","18_29",2020,53,2020-12-27,2021-01-02,3444
"ON","18_29",2021,1,2021-01-03,2021-01-09,9802
"ON","18_29",2021,2,2021-01-10,2021-01-16,8955
"ON","18_29",2021,3,2021-01-17,2021-01-23,2351
"ON","18_29",2021,4,2021-01-24,2021-01-30,795
"ON","18_29",2021,5,2021-01-31,2021-02-06,1317
"ON","18_29",2021,6,2021-02-07,2021-02-13,1496
"ON","18_29",2021,7,2021-02-14,2021-02-20,3948
"ON","18_29",2021,8,2021-02-21,2021-02-27,13979
"ON","18_29",2021,9,2021-02-28,2021-03-06,21814
"ON","18_29",2021,10,2021-03-07,2021-03-13,19187
"ON","18_29",2021,11,2021-03-14,2021-03-20,16676
"ON","18_29",2021,12,2021-03-21,2021-03-27,18410
"ON","18_29",2021,13,2021-03-28,2021-04-03,18988
"ON","18_29",2021,14,2021-04-04,2021-04-10,19293
"ON","18_29",2021,15,2021-04-11,2021-04-17,26235
"ON","18_29",2021,16,2021-04-18,2021-04-24,40310
"ON","18_29",2021,17,2021-04-25,2021-05-01,53951
"ON","18_29",2021,18,2021-05-02,2021-05-08,145502
"ON","18_29",2021,19,2021-05-09,2021-05-15,227165
"ON","18_29",2021,20,2021-05-16,2021-05-22,258723
"ON","18_29",2021,21,2021-05-23,2021-05-29,234624
"ON","18_29",2021,22,2021-05-30,2021-06-05,216848
"ON","18_29",2021,23,2021-06-06,2021-06-12,138770
"ON","18_29",2021,24,2021-06-13,2021-06-19,82135
"ON","18_29",2021,25,2021-06-20,2021-06-26,57377
"ON","18_29",2021,26,2021-06-27,2021-07-03,43944
"ON","18_29",2021,27,2021-07-04,2021-07-10,39773
"ON","18_29",2021,28,2021-07-11,2021-07-17,36328
"ON","18_29",2021,29,2021-07-18,2021-07-24,30869
"ON","18_29",2021,30,2021-07-25,2021-07-31,27233
"ON","18_29",2021,31,2021-08-01,2021-08-07,19230
"ON","18_29",2021,32,2021-08-08,2021-08-14,19902
"ON","18_29",2021,33,2021-08-15,2021-08-21,22246
"ON","18_29",2021,34,2021-08-22,2021-08-28,22730
"ON","18_29",2021,35,2021-08-29,2021-09-04,31226
"ON","18_29",2021,36,2021-09-05,2021-09-11,30011
"ON","18_29",2021,37,2021-09-12,2021-09-18,25101
"ON","18_29",2021,38,2021-09-19,2021-09-25,28688
"ON","18_29",2021,39,2021-09-26,2021-10-02,20824
"ON","18_29",2021,40,2021-10-03,2021-10-09,16781
"ON","18_29",2021,41,2021-10-10,2021-10-16,12906
"ON","18_29",2021,42,2021-10-17,2021-10-23,11689
"ON","18_29",2021,43,2021-10-24,2021-10-30,9618
"ON","18_29",2021,44,2021-10-31,2021-11-06,7884
"ON","18_29",2021,45,2021-11-07,2021-11-13,7341
"ON","18_29",2021,46,2021-11-14,2021-11-20,7104
"ON","18_29",2021,47,2021-11-21,2021-11-27,5967
"ON","18_29",2021,48,2021-11-28,2021-12-04,5058
"ON","18_29",2021,49,2021-12-05,2021-12-11,4385
"ON","18_29",2021,50,2021-12-12,2021-12-18,4071
"ON","18_29",2021,51,2021-12-19,2021-12-25,4430
"ON","18_29",2021,52,2021-12-26,2022-01-01,3942
"ON","18_29",2022,1,2022-01-02,2022-01-08,5698
"ON","18_29",2022,2,2022-01-09,2022-01-15,6318
"ON","18_29",2022,3,2022-01-16,2022-01-22,5031
"ON","18_29",2022,4,2022-01-23,2022-01-29,4491
"ON","18_29",2022,5,2022-01-30,2022-02-05,3942
"ON","18_29",2022,6,2022-02-06,2022-02-12,3186
"ON","18_29",2022,7,2022-02-13,2022-02-19,1626
"ON","18_29",2022,8,2022-02-20,2022-02-26,1192
"ON","18_29",2022,9,2022-02-27,2022-03-05,1070
"ON","18_29",2022,10,2022-03-06,2022-03-12,843
"ON","18_29",2022,11,2022-03-13,2022-03-19,754
"ON","18_29",2022,12,2022-03-20,2022-03-26,725
"ON","18_29",2022,13,2022-03-27,2022-04-02,763
"ON","18_29",2022,14,2022-04-03,2022-04-09,755
"ON","18_29",2022,15,2022-04-10,2022-04-16,729
"ON","18_29",2022,16,2022-04-17,2022-04-23,906
"ON","18_29",2022,17,2022-04-24,2022-04-30,912
"ON","18_29",2022,18,2022-05-01,2022-05-07,855
"ON","18_29",2022,19,2022-05-08,2022-05-14,799
"ON","18_29",2022,20,2022-05-15,2022-05-21,788
"ON","18_29",2022,21,2022-05-22,2022-05-28,670
"ON","18_29",2022,22,2022-05-29,2022-06-04,695
"ON","18_29",2022,23,2022-06-05,2022-06-11,720
"ON","18_29",2022,24,2022-06-12,2022-06-18,487
"ON","18_29",2022,25,2022-06-19,2022-06-25,365
"ON","18_29",2022,26,2022-06-26,2022-07-02,333
"ON","18_29",2022,27,2022-07-03,2022-07-09,422
"ON","18_29",2022,28,2022-07-10,2022-07-16,416
"ON","18_29",2022,29,2022-07-17,2022-07-23,642
"ON","18_29",2022,30,2022-07-24,2022-07-30,674
"ON","18_29",2022,31,2022-07-31,2022-08-06,499
"ON","18_29",2022,32,2022-08-07,2022-08-13,582
"ON","18_29",2022,33,2022-08-14,2022-08-20,537
"ON","18_29",2022,34,2022-08-21,2022-08-27,595
"ON","18_29",2022,35,2022-08-28,2022-09-03,670
"ON","18_29",2022,36,2022-09-04,2022-09-10,643
"ON","18_29",2022,37,2022-09-11,2022-09-17,578
"ON","18_29",2022,38,2022-09-18,2022-09-24,481
"ON","18_29",2022,39,2022-09-25,2022-10-01,488
"ON","18_29",2022,40,2022-10-02,2022-10-08,459
"ON","18_29",2022,41,2022-10-09,2022-10-15,382
"ON","18_29",2022,42,2022-10-16,2022-10-22,469
"ON","18_29",2022,43,2022-10-23,2022-10-29,446
"ON","18_29",2022,44,2022-10-30,2022-11-05,556
"ON","18_29",2022,45,2022-11-06,2022-11-12,560
"ON","18_29",2022,46,2022-11-13,2022-11-19,609
"ON","18_29",2022,47,2022-11-20,2022-11-26,540
"ON","18_29",2022,48,2022-11-27,2022-12-03,491
"ON","18_29",2022,49,2022-12-04,2022-12-10,476
"ON","18_29",2022,50,2022-12-11,2022-12-17,430
"ON","18_29",2022,51,2022-12-18,2022-12-24,402
"ON","18_29",2022,52,2022-12-25,2022-12-31,307
"ON","18_29",2023,1,2023-01-01,2023-01-07,386
"ON","18_29",2023,2,2023-01-08,2023-01-14,451
"ON","18_29",2023,3,2023-01-15,2023-01-21,378
"ON","18_29",2023,4,2023-01-22,2023-01-28,346
"ON","18_29",2023,5,2023-01-29,2023-01-29,13
"ON","30_39",2020,51,2020-12-14,2020-12-19,NA
"ON","30_39",2020,52,2020-12-20,2020-12-26,1729
"ON","30_39",2020,53,2020-12-27,2021-01-02,5493
"ON","30_39",2021,1,2021-01-03,2021-01-09,15900
"ON","30_39",2021,2,2021-01-10,2021-01-16,13427
"ON","30_39",2021,3,2021-01-17,2021-01-23,3163
"ON","30_39",2021,4,2021-01-24,2021-01-30,846
"ON","30_39",2021,5,2021-01-31,2021-02-06,1212
"ON","30_39",2021,6,2021-02-07,2021-02-13,1540
"ON","30_39",2021,7,2021-02-14,2021-02-20,5048
"ON","30_39",2021,8,2021-02-21,2021-02-27,19481
"ON","30_39",2021,9,2021-02-28,2021-03-06,30076
"ON","30_39",2021,10,2021-03-07,2021-03-13,23619
"ON","30_39",2021,11,2021-03-14,2021-03-20,19634
"ON","30_39",2021,12,2021-03-21,2021-03-27,21506
"ON","30_39",2021,13,2021-03-28,2021-04-03,20945
"ON","30_39",2021,14,2021-04-04,2021-04-10,23260
"ON","30_39",2021,15,2021-04-11,2021-04-17,33108
"ON","30_39",2021,16,2021-04-18,2021-04-24,52327
"ON","30_39",2021,17,2021-04-25,2021-05-01,71375
"ON","30_39",2021,18,2021-05-02,2021-05-08,158966
"ON","30_39",2021,19,2021-05-09,2021-05-15,218844
"ON","30_39",2021,20,2021-05-16,2021-05-22,219349
"ON","30_39",2021,21,2021-05-23,2021-05-29,176479
"ON","30_39",2021,22,2021-05-30,2021-06-05,153262
"ON","30_39",2021,23,2021-06-06,2021-06-12,92208
"ON","30_39",2021,24,2021-06-13,2021-06-19,51342
"ON","30_39",2021,25,2021-06-20,2021-06-26,38433
"ON","30_39",2021,26,2021-06-27,2021-07-03,30095
"ON","30_39",2021,27,2021-07-04,2021-07-10,28130
"ON","30_39",2021,28,2021-07-11,2021-07-17,25302
"ON","30_39",2021,29,2021-07-18,2021-07-24,21721
"ON","30_39",2021,30,2021-07-25,2021-07-31,18904
"ON","30_39",2021,31,2021-08-01,2021-08-07,13917
"ON","30_39",2021,32,2021-08-08,2021-08-14,14401
"ON","30_39",2021,33,2021-08-15,2021-08-21,15564
"ON","30_39",2021,34,2021-08-22,2021-08-28,16006
"ON","30_39",2021,35,2021-08-29,2021-09-04,21650
"ON","30_39",2021,36,2021-09-05,2021-09-11,20794
"ON","30_39",2021,37,2021-09-12,2021-09-18,20032
"ON","30_39",2021,38,2021-09-19,2021-09-25,21770
"ON","30_39",2021,39,2021-09-26,2021-10-02,16543
"ON","30_39",2021,40,2021-10-03,2021-10-09,14648
"ON","30_39",2021,41,2021-10-10,2021-10-16,11587
"ON","30_39",2021,42,2021-10-17,2021-10-23,10828
"ON","30_39",2021,43,2021-10-24,2021-10-30,8590
"ON","30_39",2021,44,2021-10-31,2021-11-06,6990
"ON","30_39",2021,45,2021-11-07,2021-11-13,6614
"ON","30_39",2021,46,2021-11-14,2021-11-20,5977
"ON","30_39",2021,47,2021-11-21,2021-11-27,5005
"ON","30_39",2021,48,2021-11-28,2021-12-04,4327
"ON","30_39",2021,49,2021-12-05,2021-12-11,4127
"ON","30_39",2021,50,2021-12-12,2021-12-18,3766
"ON","30_39",2021,51,2021-12-19,2021-12-25,3804
"ON","30_39",2021,52,2021-12-26,2022-01-01,3187
"ON","30_39",2022,1,2022-01-02,2022-01-08,4551
"ON","30_39",2022,2,2022-01-09,2022-01-15,5170
"ON","30_39",2022,3,2022-01-16,2022-01-22,4017
"ON","30_39",2022,4,2022-01-23,2022-01-29,3393
"ON","30_39",2022,5,2022-01-30,2022-02-05,2858
"ON","30_39",2022,6,2022-02-06,2022-02-12,2198
"ON","30_39",2022,7,2022-02-13,2022-02-19,1242
"ON","30_39",2022,8,2022-02-20,2022-02-26,933
"ON","30_39",2022,9,2022-02-27,2022-03-05,826
"ON","30_39",2022,10,2022-03-06,2022-03-12,733
"ON","30_39",2022,11,2022-03-13,2022-03-19,654
"ON","30_39",2022,12,2022-03-20,2022-03-26,626
"ON","30_39",2022,13,2022-03-27,2022-04-02,668
"ON","30_39",2022,14,2022-04-03,2022-04-09,728
"ON","30_39",2022,15,2022-04-10,2022-04-16,665
"ON","30_39",2022,16,2022-04-17,2022-04-23,836
"ON","30_39",2022,17,2022-04-24,2022-04-30,875
"ON","30_39",2022,18,2022-05-01,2022-05-07,887
"ON","30_39",2022,19,2022-05-08,2022-05-14,773
"ON","30_39",2022,20,2022-05-15,2022-05-21,716
"ON","30_39",2022,21,2022-05-22,2022-05-28,611
"ON","30_39",2022,22,2022-05-29,2022-06-04,581
"ON","30_39",2022,23,2022-06-05,2022-06-11,613
"ON","30_39",2022,24,2022-06-12,2022-06-18,437
"ON","30_39",2022,25,2022-06-19,2022-06-25,315
"ON","30_39",2022,26,2022-06-26,2022-07-02,282
"ON","30_39",2022,27,2022-07-03,2022-07-09,334
"ON","30_39",2022,28,2022-07-10,2022-07-16,349
"ON","30_39",2022,29,2022-07-17,2022-07-23,613
"ON","30_39",2022,30,2022-07-24,2022-07-30,586
"ON","30_39",2022,31,2022-07-31,2022-08-06,420
"ON","30_39",2022,32,2022-08-07,2022-08-13,461
"ON","30_39",2022,33,2022-08-14,2022-08-20,441
"ON","30_39",2022,34,2022-08-21,2022-08-27,434
"ON","30_39",2022,35,2022-08-28,2022-09-03,409
"ON","30_39",2022,36,2022-09-04,2022-09-10,370
"ON","30_39",2022,37,2022-09-11,2022-09-17,319
"ON","30_39",2022,38,2022-09-18,2022-09-24,309
"ON","30_39",2022,39,2022-09-25,2022-10-01,346
"ON","30_39",2022,40,2022-10-02,2022-10-08,366
"ON","30_39",2022,41,2022-10-09,2022-10-15,296
"ON","30_39",2022,42,2022-10-16,2022-10-22,432
"ON","30_39",2022,43,2022-10-23,2022-10-29,423
"ON","30_39",2022,44,2022-10-30,2022-11-05,396
"ON","30_39",2022,45,2022-11-06,2022-11-12,426
"ON","30_39",2022,46,2022-11-13,2022-11-19,515
"ON","30_39",2022,47,2022-11-20,2022-11-26,445
"ON","30_39",2022,48,2022-11-27,2022-12-03,392
"ON","30_39",2022,49,2022-12-04,2022-12-10,379
"ON","30_39",2022,50,2022-12-11,2022-12-17,339
"ON","30_39",2022,51,2022-12-18,2022-12-24,306
"ON","30_39",2022,52,2022-12-25,2022-12-31,320
"ON","30_39",2023,1,2023-01-01,2023-01-07,348
"ON","30_39",2023,2,2023-01-08,2023-01-14,323
"ON","30_39",2023,3,2023-01-15,2023-01-21,268
"ON","30_39",2023,4,2023-01-22,2023-01-28,233
"ON","30_39",2023,5,2023-01-29,2023-01-29,17
"ON","40_49",2020,51,2020-12-14,2020-12-19,NA
"ON","40_49",2020,52,2020-12-20,2020-12-26,1872
"ON","40_49",2020,53,2020-12-27,2021-01-02,5888
"ON","40_49",2021,1,2021-01-03,2021-01-09,15720
"ON","40_49",2021,2,2021-01-10,2021-01-16,13098
"ON","40_49",2021,3,2021-01-17,2021-01-23,3199
"ON","40_49",2021,4,2021-01-24,2021-01-30,736
"ON","40_49",2021,5,2021-01-31,2021-02-06,935
"ON","40_49",2021,6,2021-02-07,2021-02-13,1290
"ON","40_49",2021,7,2021-02-14,2021-02-20,4582
"ON","40_49",2021,8,2021-02-21,2021-02-27,18639
"ON","40_49",2021,9,2021-02-28,2021-03-06,30105
"ON","40_49",2021,10,2021-03-07,2021-03-13,23604
"ON","40_49",2021,11,2021-03-14,2021-03-20,19567
"ON","40_49",2021,12,2021-03-21,2021-03-27,22043
"ON","40_49",2021,13,2021-03-28,2021-04-03,22358
"ON","40_49",2021,14,2021-04-04,2021-04-10,26367
"ON","40_49",2021,15,2021-04-11,2021-04-17,43432
"ON","40_49",2021,16,2021-04-18,2021-04-24,150365
"ON","40_49",2021,17,2021-04-25,2021-05-01,159338
"ON","40_49",2021,18,2021-05-02,2021-05-08,167225
"ON","40_49",2021,19,2021-05-09,2021-05-15,168913
"ON","40_49",2021,20,2021-05-16,2021-05-22,172074
"ON","40_49",2021,21,2021-05-23,2021-05-29,123119
"ON","40_49",2021,22,2021-05-30,2021-06-05,105456
"ON","40_49",2021,23,2021-06-06,2021-06-12,68041
"ON","40_49",2021,24,2021-06-13,2021-06-19,31508
"ON","40_49",2021,25,2021-06-20,2021-06-26,23544
"ON","40_49",2021,26,2021-06-27,2021-07-03,19453
"ON","40_49",2021,27,2021-07-04,2021-07-10,19197
"ON","40_49",2021,28,2021-07-11,2021-07-17,17187
"ON","40_49",2021,29,2021-07-18,2021-07-24,15422
"ON","40_49",2021,30,2021-07-25,2021-07-31,13762
"ON","40_49",2021,31,2021-08-01,2021-08-07,9533
"ON","40_49",2021,32,2021-08-08,2021-08-14,9877
"ON","40_49",2021,33,2021-08-15,2021-08-21,10991
"ON","40_49",2021,34,2021-08-22,2021-08-28,11407
"ON","40_49",2021,35,2021-08-29,2021-09-04,14008
"ON","40_49",2021,36,2021-09-05,2021-09-11,13562
"ON","40_49",2021,37,2021-09-12,2021-09-18,12924
"ON","40_49",2021,38,2021-09-19,2021-09-25,13938
"ON","40_49",2021,39,2021-09-26,2021-10-02,11008
"ON","40_49",2021,40,2021-10-03,2021-10-09,9808
"ON","40_49",2021,41,2021-10-10,2021-10-16,7778
"ON","40_49",2021,42,2021-10-17,2021-10-23,7358
"ON","40_49",2021,43,2021-10-24,2021-10-30,5772
"ON","40_49",2021,44,2021-10-31,2021-11-06,4702
"ON","40_49",2021,45,2021-11-07,2021-11-13,4241
"ON","40_49",2021,46,2021-11-14,2021-11-20,3703
"ON","40_49",2021,47,2021-11-21,2021-11-27,3290
"ON","40_49",2021,48,2021-11-28,2021-12-04,2732
"ON","40_49",2021,49,2021-12-05,2021-12-11,2740
"ON","40_49",2021,50,2021-12-12,2021-12-18,2508
"ON","40_49",2021,51,2021-12-19,2021-12-25,2475
"ON","40_49",2021,52,2021-12-26,2022-01-01,1987
"ON","40_49",2022,1,2022-01-02,2022-01-08,2752
"ON","40_49",2022,2,2022-01-09,2022-01-15,3094
"ON","40_49",2022,3,2022-01-16,2022-01-22,2457
"ON","40_49",2022,4,2022-01-23,2022-01-29,2014
"ON","40_49",2022,5,2022-01-30,2022-02-05,1638
"ON","40_49",2022,6,2022-02-06,2022-02-12,1322
"ON","40_49",2022,7,2022-02-13,2022-02-19,740
"ON","40_49",2022,8,2022-02-20,2022-02-26,595
"ON","40_49",2022,9,2022-02-27,2022-03-05,564
"ON","40_49",2022,10,2022-03-06,2022-03-12,440
"ON","40_49",2022,11,2022-03-13,2022-03-19,404
"ON","40_49",2022,12,2022-03-20,2022-03-26,425
"ON","40_49",2022,13,2022-03-27,2022-04-02,403
"ON","40_49",2022,14,2022-04-03,2022-04-09,428
"ON","40_49",2022,15,2022-04-10,2022-04-16,525
"ON","40_49",2022,16,2022-04-17,2022-04-23,584
"ON","40_49",2022,17,2022-04-24,2022-04-30,633
"ON","40_49",2022,18,2022-05-01,2022-05-07,658
"ON","40_49",2022,19,2022-05-08,2022-05-14,603
"ON","40_49",2022,20,2022-05-15,2022-05-21,489
"ON","40_49",2022,21,2022-05-22,2022-05-28,411
"ON","40_49",2022,22,2022-05-29,2022-06-04,394
"ON","40_49",2022,23,2022-06-05,2022-06-11,384
"ON","40_49",2022,24,2022-06-12,2022-06-18,277
"ON","40_49",2022,25,2022-06-19,2022-06-25,216
"ON","40_49",2022,26,2022-06-26,2022-07-02,213
"ON","40_49",2022,27,2022-07-03,2022-07-09,216
"ON","40_49",2022,28,2022-07-10,2022-07-16,288
"ON","40_49",2022,29,2022-07-17,2022-07-23,397
"ON","40_49",2022,30,2022-07-24,2022-07-30,418
"ON","40_49",2022,31,2022-07-31,2022-08-06,322
"ON","40_49",2022,32,2022-08-07,2022-08-13,327
"ON","40_49",2022,33,2022-08-14,2022-08-20,320
"ON","40_49",2022,34,2022-08-21,2022-08-27,284
"ON","40_49",2022,35,2022-08-28,2022-09-03,260
"ON","40_49",2022,36,2022-09-04,2022-09-10,194
"ON","40_49",2022,37,2022-09-11,2022-09-17,221
"ON","40_49",2022,38,2022-09-18,2022-09-24,190
"ON","40_49",2022,39,2022-09-25,2022-10-01,218
"ON","40_49",2022,40,2022-10-02,2022-10-08,189
"ON","40_49",2022,41,2022-10-09,2022-10-15,155
"ON","40_49",2022,42,2022-10-16,2022-10-22,225
"ON","40_49",2022,43,2022-10-23,2022-10-29,240
"ON","40_49",2022,44,2022-10-30,2022-11-05,236
"ON","40_49",2022,45,2022-11-06,2022-11-12,256
"ON","40_49",2022,46,2022-11-13,2022-11-19,260
"ON","40_49",2022,47,2022-11-20,2022-11-26,242
"ON","40_49",2022,48,2022-11-27,2022-12-03,202
"ON","40_49",2022,49,2022-12-04,2022-12-10,206
"ON","40_49",2022,50,2022-12-11,2022-12-17,195
"ON","40_49",2022,51,2022-12-18,2022-12-24,188
"ON","40_49",2022,52,2022-12-25,2022-12-31,166
"ON","40_49",2023,1,2023-01-01,2023-01-07,228
"ON","40_49",2023,2,2023-01-08,2023-01-14,195
"ON","40_49",2023,3,2023-01-15,2023-01-21,173
"ON","40_49",2023,4,2023-01-22,2023-01-28,126
"ON","40_49",2023,5,2023-01-29,2023-01-29,5
"ON","50_59",2020,51,2020-12-14,2020-12-19,NA
"ON","50_59",2020,52,2020-12-20,2020-12-26,2342
"ON","50_59",2020,53,2020-12-27,2021-01-02,6616
"ON","50_59",2021,1,2021-01-03,2021-01-09,17498
"ON","50_59",2021,2,2021-01-10,2021-01-16,15178
"ON","50_59",2021,3,2021-01-17,2021-01-23,4083
"ON","50_59",2021,4,2021-01-24,2021-01-30,962
"ON","50_59",2021,5,2021-01-31,2021-02-06,1051
"ON","50_59",2021,6,2021-02-07,2021-02-13,1628
"ON","50_59",2021,7,2021-02-14,2021-02-20,5884
"ON","50_59",2021,8,2021-02-21,2021-02-27,22334
"ON","50_59",2021,9,2021-02-28,2021-03-06,34906
"ON","50_59",2021,10,2021-03-07,2021-03-13,27102
"ON","50_59",2021,11,2021-03-14,2021-03-20,23109
"ON","50_59",2021,12,2021-03-21,2021-03-27,26627
"ON","50_59",2021,13,2021-03-28,2021-04-03,30169
"ON","50_59",2021,14,2021-04-04,2021-04-10,92657
"ON","50_59",2021,15,2021-04-11,2021-04-17,161580
"ON","50_59",2021,16,2021-04-18,2021-04-24,212685
"ON","50_59",2021,17,2021-04-25,2021-05-01,176055
"ON","50_59",2021,18,2021-05-02,2021-05-08,183417
"ON","50_59",2021,19,2021-05-09,2021-05-15,171464
"ON","50_59",2021,20,2021-05-16,2021-05-22,149982
"ON","50_59",2021,21,2021-05-23,2021-05-29,99092
"ON","50_59",2021,22,2021-05-30,2021-06-05,67151
"ON","50_59",2021,23,2021-06-06,2021-06-12,42331
"ON","50_59",2021,24,2021-06-13,2021-06-19,22695
"ON","50_59",2021,25,2021-06-20,2021-06-26,17954
"ON","50_59",2021,26,2021-06-27,2021-07-03,15808
"ON","50_59",2021,27,2021-07-04,2021-07-10,16044
"ON","50_59",2021,28,2021-07-11,2021-07-17,14231
"ON","50_59",2021,29,2021-07-18,2021-07-24,13050
"ON","50_59",2021,30,2021-07-25,2021-07-31,11364
"ON","50_59",2021,31,2021-08-01,2021-08-07,7728
"ON","50_59",2021,32,2021-08-08,2021-08-14,8143
"ON","50_59",2021,33,2021-08-15,2021-08-21,8680
"ON","50_59",2021,34,2021-08-22,2021-08-28,8407
"ON","50_59",2021,35,2021-08-29,2021-09-04,10068
"ON","50_59",2021,36,2021-09-05,2021-09-11,9306
"ON","50_59",2021,37,2021-09-12,2021-09-18,8977
"ON","50_59",2021,38,2021-09-19,2021-09-25,9615
"ON","50_59",2021,39,2021-09-26,2021-10-02,7840
"ON","50_59",2021,40,2021-10-03,2021-10-09,7195
"ON","50_59",2021,41,2021-10-10,2021-10-16,5992
"ON","50_59",2021,42,2021-10-17,2021-10-23,5437
"ON","50_59",2021,43,2021-10-24,2021-10-30,4388
"ON","50_59",2021,44,2021-10-31,2021-11-06,3581
"ON","50_59",2021,45,2021-11-07,2021-11-13,3204
"ON","50_59",2021,46,2021-11-14,2021-11-20,2922
"ON","50_59",2021,47,2021-11-21,2021-11-27,2541
"ON","50_59",2021,48,2021-11-28,2021-12-04,2023
"ON","50_59",2021,49,2021-12-05,2021-12-11,2043
"ON","50_59",2021,50,2021-12-12,2021-12-18,2088
"ON","50_59",2021,51,2021-12-19,2021-12-25,1962
"ON","50_59",2021,52,2021-12-26,2022-01-01,1600
"ON","50_59",2022,1,2022-01-02,2022-01-08,2279
"ON","50_59",2022,2,2022-01-09,2022-01-15,2595
"ON","50_59",2022,3,2022-01-16,2022-01-22,1829
"ON","50_59",2022,4,2022-01-23,2022-01-29,1530
"ON","50_59",2022,5,2022-01-30,2022-02-05,1216
"ON","50_59",2022,6,2022-02-06,2022-02-12,935
"ON","50_59",2022,7,2022-02-13,2022-02-19,514
"ON","50_59",2022,8,2022-02-20,2022-02-26,422
"ON","50_59",2022,9,2022-02-27,2022-03-05,425
"ON","50_59",2022,10,2022-03-06,2022-03-12,334
"ON","50_59",2022,11,2022-03-13,2022-03-19,348
"ON","50_59",2022,12,2022-03-20,2022-03-26,367
"ON","50_59",2022,13,2022-03-27,2022-04-02,395
"ON","50_59",2022,14,2022-04-03,2022-04-09,391
"ON","50_59",2022,15,2022-04-10,2022-04-16,418
"ON","50_59",2022,16,2022-04-17,2022-04-23,576
"ON","50_59",2022,17,2022-04-24,2022-04-30,566
"ON","50_59",2022,18,2022-05-01,2022-05-07,554
"ON","50_59",2022,19,2022-05-08,2022-05-14,489
"ON","50_59",2022,20,2022-05-15,2022-05-21,390
"ON","50_59",2022,21,2022-05-22,2022-05-28,328
"ON","50_59",2022,22,2022-05-29,2022-06-04,364
"ON","50_59",2022,23,2022-06-05,2022-06-11,296
"ON","50_59",2022,24,2022-06-12,2022-06-18,247
"ON","50_59",2022,25,2022-06-19,2022-06-25,217
"ON","50_59",2022,26,2022-06-26,2022-07-02,177
"ON","50_59",2022,27,2022-07-03,2022-07-09,182
"ON","50_59",2022,28,2022-07-10,2022-07-16,266
"ON","50_59",2022,29,2022-07-17,2022-07-23,434
"ON","50_59",2022,30,2022-07-24,2022-07-30,361
"ON","50_59",2022,31,2022-07-31,2022-08-06,297
"ON","50_59",2022,32,2022-08-07,2022-08-13,292
"ON","50_59",2022,33,2022-08-14,2022-08-20,284
"ON","50_59",2022,34,2022-08-21,2022-08-27,235
"ON","50_59",2022,35,2022-08-28,2022-09-03,218
"ON","50_59",2022,36,2022-09-04,2022-09-10,193
"ON","50_59",2022,37,2022-09-11,2022-09-17,175
"ON","50_59",2022,38,2022-09-18,2022-09-24,146
"ON","50_59",2022,39,2022-09-25,2022-10-01,222
"ON","50_59",2022,40,2022-10-02,2022-10-08,199
"ON","50_59",2022,41,2022-10-09,2022-10-15,179
"ON","50_59",2022,42,2022-10-16,2022-10-22,252
"ON","50_59",2022,43,2022-10-23,2022-10-29,247
"ON","50_59",2022,44,2022-10-30,2022-11-05,245
"ON","50_59",2022,45,2022-11-06,2022-11-12,247
"ON","50_59",2022,46,2022-11-13,2022-11-19,268
"ON","50_59",2022,47,2022-11-20,2022-11-26,206
"ON","50_59",2022,48,2022-11-27,2022-12-03,174
"ON","50_59",2022,49,2022-12-04,2022-12-10,200
"ON","50_59",2022,50,2022-12-11,2022-12-17,186
"ON","50_59",2022,51,2022-12-18,2022-12-24,212
"ON","50_59",2022,52,2022-12-25,2022-12-31,200
"ON","50_59",2023,1,2023-01-01,2023-01-07,281
"ON","50_59",2023,2,2023-01-08,2023-01-14,195
"ON","50_59",2023,3,2023-01-15,2023-01-21,161
"ON","50_59",2023,4,2023-01-22,2023-01-28,142
"ON","50_59",2023,5,2023-01-29,2023-01-29,7
"ON","60+",2020,51,2020-12-14,2020-12-19,NA
"ON","60+",2020,52,2020-12-20,2020-12-26,2001
"ON","60+",2020,53,2020-12-27,2021-01-02,7423
"ON","60+",2021,1,2021-01-03,2021-01-09,25710
"ON","60+",2021,2,2021-01-10,2021-01-16,37774
"ON","60+",2021,3,2021-01-17,2021-01-23,18942
"ON","60+",2021,4,2021-01-24,2021-01-30,11370
"ON","60+",2021,5,2021-01-31,2021-02-06,4450
"ON","60+",2021,6,2021-02-07,2021-02-13,11077
"ON","60+",2021,7,2021-02-14,2021-02-20,12802
"ON","60+",2021,8,2021-02-21,2021-02-27,36758
"ON","60+",2021,9,2021-02-28,2021-03-06,87503
"ON","60+",2021,10,2021-03-07,2021-03-13,163454
"ON","60+",2021,11,2021-03-14,2021-03-20,268757
"ON","60+",2021,12,2021-03-21,2021-03-27,355730
"ON","60+",2021,13,2021-03-28,2021-04-03,406621
"ON","60+",2021,14,2021-04-04,2021-04-10,479244
"ON","60+",2021,15,2021-04-11,2021-04-17,427742
"ON","60+",2021,16,2021-04-18,2021-04-24,332002
"ON","60+",2021,17,2021-04-25,2021-05-01,227000
"ON","60+",2021,18,2021-05-02,2021-05-08,157287
"ON","60+",2021,19,2021-05-09,2021-05-15,110329
"ON","60+",2021,20,2021-05-16,2021-05-22,72501
"ON","60+",2021,21,2021-05-23,2021-05-29,49191
"ON","60+",2021,22,2021-05-30,2021-06-05,39649
"ON","60+",2021,23,2021-06-06,2021-06-12,29755
"ON","60+",2021,24,2021-06-13,2021-06-19,19303
"ON","60+",2021,25,2021-06-20,2021-06-26,16137
"ON","60+",2021,26,2021-06-27,2021-07-03,14611
"ON","60+",2021,27,2021-07-04,2021-07-10,15713
"ON","60+",2021,28,2021-07-11,2021-07-17,14413
"ON","60+",2021,29,2021-07-18,2021-07-24,13381
"ON","60+",2021,30,2021-07-25,2021-07-31,11416
"ON","60+",2021,31,2021-08-01,2021-08-07,8069
"ON","60+",2021,32,2021-08-08,2021-08-14,8040
"ON","60+",2021,33,2021-08-15,2021-08-21,7750
"ON","60+",2021,34,2021-08-22,2021-08-28,7130
"ON","60+",2021,35,2021-08-29,2021-09-04,7962
"ON","60+",2021,36,2021-09-05,2021-09-11,7529
"ON","60+",2021,37,2021-09-12,2021-09-18,7287
"ON","60+",2021,38,2021-09-19,2021-09-25,7456
"ON","60+",2021,39,2021-09-26,2021-10-02,6626
"ON","60+",2021,40,2021-10-03,2021-10-09,6049
"ON","60+",2021,41,2021-10-10,2021-10-16,4817
"ON","60+",2021,42,2021-10-17,2021-10-23,4585
"ON","60+",2021,43,2021-10-24,2021-10-30,3748
"ON","60+",2021,44,2021-10-31,2021-11-06,2995
"ON","60+",2021,45,2021-11-07,2021-11-13,2766
"ON","60+",2021,46,2021-11-14,2021-11-20,2566
"ON","60+",2021,47,2021-11-21,2021-11-27,2449
"ON","60+",2021,48,2021-11-28,2021-12-04,2020
"ON","60+",2021,49,2021-12-05,2021-12-11,1987
"ON","60+",2021,50,2021-12-12,2021-12-18,2587
"ON","60+",2021,51,2021-12-19,2021-12-25,2792
"ON","60+",2021,52,2021-12-26,2022-01-01,2127
"ON","60+",2022,1,2022-01-02,2022-01-08,2703
"ON","60+",2022,2,2022-01-09,2022-01-15,3101
"ON","60+",2022,3,2022-01-16,2022-01-22,2138
"ON","60+",2022,4,2022-01-23,2022-01-29,1717
"ON","60+",2022,5,2022-01-30,2022-02-05,1400
"ON","60+",2022,6,2022-02-06,2022-02-12,1036
"ON","60+",2022,7,2022-02-13,2022-02-19,663
"ON","60+",2022,8,2022-02-20,2022-02-26,523
"ON","60+",2022,9,2022-02-27,2022-03-05,517
"ON","60+",2022,10,2022-03-06,2022-03-12,416
"ON","60+",2022,11,2022-03-13,2022-03-19,466
"ON","60+",2022,12,2022-03-20,2022-03-26,430
"ON","60+",2022,13,2022-03-27,2022-04-02,466
"ON","60+",2022,14,2022-04-03,2022-04-09,567
"ON","60+",2022,15,2022-04-10,2022-04-16,733
"ON","60+",2022,16,2022-04-17,2022-04-23,932
"ON","60+",2022,17,2022-04-24,2022-04-30,844
"ON","60+",2022,18,2022-05-01,2022-05-07,828
"ON","60+",2022,19,2022-05-08,2022-05-14,767
"ON","60+",2022,20,2022-05-15,2022-05-21,625
"ON","60+",2022,21,2022-05-22,2022-05-28,571
"ON","60+",2022,22,2022-05-29,2022-06-04,556
"ON","60+",2022,23,2022-06-05,2022-06-11,511
"ON","60+",2022,24,2022-06-12,2022-06-18,477
"ON","60+",2022,25,2022-06-19,2022-06-25,410
"ON","60+",2022,26,2022-06-26,2022-07-02,411
"ON","60+",2022,27,2022-07-03,2022-07-09,587
"ON","60+",2022,28,2022-07-10,2022-07-16,720
"ON","60+",2022,29,2022-07-17,2022-07-23,899
"ON","60+",2022,30,2022-07-24,2022-07-30,763
"ON","60+",2022,31,2022-07-31,2022-08-06,536
"ON","60+",2022,32,2022-08-07,2022-08-13,565
"ON","60+",2022,33,2022-08-14,2022-08-20,480
"ON","60+",2022,34,2022-08-21,2022-08-27,396
"ON","60+",2022,35,2022-08-28,2022-09-03,393
"ON","60+",2022,36,2022-09-04,2022-09-10,288
"ON","60+",2022,37,2022-09-11,2022-09-17,328
"ON","60+",2022,38,2022-09-18,2022-09-24,414
"ON","60+",2022,39,2022-09-25,2022-10-01,556
"ON","60+",2022,40,2022-10-02,2022-10-08,482
"ON","60+",2022,41,2022-10-09,2022-10-15,463
"ON","60+",2022,42,2022-10-16,2022-10-22,607
"ON","60+",2022,43,2022-10-23,2022-10-29,616
"ON","60+",2022,44,2022-10-30,2022-11-05,507
"ON","60+",2022,45,2022-11-06,2022-11-12,532
"ON","60+",2022,46,2022-11-13,2022-11-19,487
"ON","60+",2022,47,2022-11-20,2022-11-26,467
"ON","60+",2022,48,2022-11-27,2022-12-03,342
"ON","60+",2022,49,2022-12-04,2022-12-10,361
"ON","60+",2022,50,2022-12-11,2022-12-17,294
"ON","60+",2022,51,2022-12-18,2022-12-24,345
"ON","60+",2022,52,2022-12-25,2022-12-31,326
"ON","60+",2023,1,2023-01-01,2023-01-07,414
"ON","60+",2023,2,2023-01-08,2023-01-14,382
"ON","60+",2023,3,2023-01-15,2023-01-21,218
"ON","60+",2023,4,2023-01-22,2023-01-28,219
"ON","60+",2023,5,2023-01-29,2023-01-29,8
"QC","12_17",2020,51,2020-12-14,2020-12-19,8
"QC","12_17",2020,52,2020-12-20,2020-12-26,62
"QC","12_17",2020,53,2020-12-27,2021-01-02,57
"QC","12_17",2021,1,2021-01-03,2021-01-09,134
"QC","12_17",2021,2,2021-01-10,2021-01-16,205
"QC","12_17",2021,3,2021-01-17,2021-01-23,178
"QC","12_17",2021,4,2021-01-24,2021-01-30,43
"QC","12_17",2021,5,2021-01-31,2021-02-06,37
"QC","12_17",2021,6,2021-02-07,2021-02-13,33
"QC","12_17",2021,7,2021-02-14,2021-02-20,74
"QC","12_17",2021,8,2021-02-21,2021-02-27,206
"QC","12_17",2021,9,2021-02-28,2021-03-06,133
"QC","12_17",2021,10,2021-03-07,2021-03-13,150
"QC","12_17",2021,11,2021-03-14,2021-03-20,164
"QC","12_17",2021,12,2021-03-21,2021-03-27,148
"QC","12_17",2021,13,2021-03-28,2021-04-03,175
"QC","12_17",2021,14,2021-04-04,2021-04-10,246
"QC","12_17",2021,15,2021-04-11,2021-04-17,542
"QC","12_17",2021,16,2021-04-18,2021-04-24,749
"QC","12_17",2021,17,2021-04-25,2021-05-01,1045
"QC","12_17",2021,18,2021-05-02,2021-05-08,2402
"QC","12_17",2021,19,2021-05-09,2021-05-15,3267
"QC","12_17",2021,20,2021-05-16,2021-05-22,6927
"QC","12_17",2021,21,2021-05-23,2021-05-29,51544
"QC","12_17",2021,22,2021-05-30,2021-06-05,107897
"QC","12_17",2021,23,2021-06-06,2021-06-12,147237
"QC","12_17",2021,24,2021-06-13,2021-06-19,66295
"QC","12_17",2021,25,2021-06-20,2021-06-26,9879
"QC","12_17",2021,26,2021-06-27,2021-07-03,7643
"QC","12_17",2021,27,2021-07-04,2021-07-10,5832
"QC","12_17",2021,28,2021-07-11,2021-07-17,5883
"QC","12_17",2021,29,2021-07-18,2021-07-24,5865
"QC","12_17",2021,30,2021-07-25,2021-07-31,5937
"QC","12_17",2021,31,2021-08-01,2021-08-07,6374
"QC","12_17",2021,32,2021-08-08,2021-08-14,8141
"QC","12_17",2021,33,2021-08-15,2021-08-21,9013
"QC","12_17",2021,34,2021-08-22,2021-08-28,9070
"QC","12_17",2021,35,2021-08-29,2021-09-04,7985
"QC","12_17",2021,36,2021-09-05,2021-09-11,7382
"QC","12_17",2021,37,2021-09-12,2021-09-18,5837
"QC","12_17",2021,38,2021-09-19,2021-09-25,3779
"QC","12_17",2021,39,2021-09-26,2021-10-02,3176
"QC","12_17",2021,40,2021-10-03,2021-10-09,3007
"QC","12_17",2021,41,2021-10-10,2021-10-16,2790
"QC","12_17",2021,42,2021-10-17,2021-10-23,2483
"QC","12_17",2021,43,2021-10-24,2021-10-30,2028
"QC","12_17",2021,44,2021-10-31,2021-11-06,2072
"QC","12_17",2021,45,2021-11-07,2021-11-13,2161
"QC","12_17",2021,46,2021-11-14,2021-11-20,2259
"QC","12_17",2021,47,2021-11-21,2021-11-27,2276
"QC","12_17",2021,48,2021-11-28,2021-12-04,2736
"QC","12_17",2021,49,2021-12-05,2021-12-11,2564
"QC","12_17",2021,50,2021-12-12,2021-12-18,2263
"QC","12_17",2021,51,2021-12-19,2021-12-25,1576
"QC","12_17",2021,52,2021-12-26,2022-01-01,1012
"QC","12_17",2022,1,2022-01-02,2022-01-08,1410
"QC","12_17",2022,2,2022-01-09,2022-01-15,1578
"QC","12_17",2022,3,2022-01-16,2022-01-22,1303
"QC","12_17",2022,4,2022-01-23,2022-01-29,1048
"QC","12_17",2022,5,2022-01-30,2022-02-05,909
"QC","12_17",2022,6,2022-02-06,2022-02-12,732
"QC","12_17",2022,7,2022-02-13,2022-02-19,334
"QC","12_17",2022,8,2022-02-20,2022-02-26,292
"QC","12_17",2022,9,2022-02-27,2022-03-05,223
"QC","12_17",2022,10,2022-03-06,2022-03-12,134
"QC","12_17",2022,11,2022-03-13,2022-03-19,144
"QC","12_17",2022,12,2022-03-20,2022-03-26,165
"QC","12_17",2022,13,2022-03-27,2022-04-02,189
"QC","12_17",2022,14,2022-04-03,2022-04-09,202
"QC","12_17",2022,15,2022-04-10,2022-04-16,195
"QC","12_17",2022,16,2022-04-17,2022-04-23,200
"QC","12_17",2022,17,2022-04-24,2022-04-30,172
"QC","12_17",2022,18,2022-05-01,2022-05-07,218
"QC","12_17",2022,19,2022-05-08,2022-05-14,225
"QC","12_17",2022,20,2022-05-15,2022-05-21,247
"QC","12_17",2022,21,2022-05-22,2022-05-28,209
"QC","12_17",2022,22,2022-05-29,2022-06-04,143
"QC","12_17",2022,23,2022-06-05,2022-06-11,158
"QC","12_17",2022,24,2022-06-12,2022-06-18,83
"QC","12_17",2022,25,2022-06-19,2022-06-25,40
"QC","12_17",2022,26,2022-06-26,2022-07-02,54
"QC","12_17",2022,27,2022-07-03,2022-07-09,75
"QC","12_17",2022,28,2022-07-10,2022-07-16,99
"QC","12_17",2022,29,2022-07-17,2022-07-23,74
"QC","12_17",2022,30,2022-07-24,2022-07-30,74
"QC","12_17",2022,31,2022-07-31,2022-08-06,56
"QC","12_17",2022,32,2022-08-07,2022-08-13,68
"QC","12_17",2022,33,2022-08-14,2022-08-20,72
"QC","12_17",2022,34,2022-08-21,2022-08-27,96
"QC","12_17",2022,35,2022-08-28,2022-09-03,66
"QC","12_17",2022,36,2022-09-04,2022-09-10,52
"QC","12_17",2022,37,2022-09-11,2022-09-17,55
"QC","12_17",2022,38,2022-09-18,2022-09-24,28
"QC","12_17",2022,39,2022-09-25,2022-10-01,38
"QC","12_17",2022,40,2022-10-02,2022-10-08,25
"QC","12_17",2022,41,2022-10-09,2022-10-15,27
"QC","12_17",2022,42,2022-10-16,2022-10-22,20
"QC","12_17",2022,43,2022-10-23,2022-10-29,27
"QC","12_17",2022,44,2022-10-30,2022-11-05,24
"QC","12_17",2022,45,2022-11-06,2022-11-12,27
"QC","12_17",2022,46,2022-11-13,2022-11-19,25
"QC","12_17",2022,47,2022-11-20,2022-11-26,23
"QC","12_17",2022,48,2022-11-27,2022-12-03,25
"QC","12_17",2022,49,2022-12-04,2022-12-10,28
"QC","12_17",2022,50,2022-12-11,2022-12-17,20
"QC","12_17",2022,51,2022-12-18,2022-12-24,23
"QC","12_17",2022,52,2022-12-25,2022-12-31,21
"QC","12_17",2023,1,2023-01-01,2023-01-07,26
"QC","12_17",2023,2,2023-01-08,2023-01-14,27
"QC","12_17",2023,3,2023-01-15,2023-01-21,15
"QC","12_17",2023,4,2023-01-22,2023-01-28,4
"QC","12_17",2023,5,2023-01-29,2023-02-04,8
"QC","12_17",2023,6,2023-02-05,2023-02-11,11
"QC","12_17",2023,7,2023-02-12,2023-02-18,9
"QC","12_17",2023,8,2023-02-19,2023-02-25,9
"QC","12_17",2023,9,2023-02-26,2023-02-26,0
"QC","18_29",2020,51,2020-12-14,2020-12-19,676
"QC","18_29",2020,52,2020-12-20,2020-12-26,1767
"QC","18_29",2020,53,2020-12-27,2021-01-02,1934
"QC","18_29",2021,1,2021-01-03,2021-01-09,7414
"QC","18_29",2021,2,2021-01-10,2021-01-16,10698
"QC","18_29",2021,3,2021-01-17,2021-01-23,11694
"QC","18_29",2021,4,2021-01-24,2021-01-30,2888
"QC","18_29",2021,5,2021-01-31,2021-02-06,2479
"QC","18_29",2021,6,2021-02-07,2021-02-13,3705
"QC","18_29",2021,7,2021-02-14,2021-02-20,3405
"QC","18_29",2021,8,2021-02-21,2021-02-27,3888
"QC","18_29",2021,9,2021-02-28,2021-03-06,2611
"QC","18_29",2021,10,2021-03-07,2021-03-13,3684
"QC","18_29",2021,11,2021-03-14,2021-03-20,4873
"QC","18_29",2021,12,2021-03-21,2021-03-27,5092
"QC","18_29",2021,13,2021-03-28,2021-04-03,6133
"QC","18_29",2021,14,2021-04-04,2021-04-10,7314
"QC","18_29",2021,15,2021-04-11,2021-04-17,22253
"QC","18_29",2021,16,2021-04-18,2021-04-24,33276
"QC","18_29",2021,17,2021-04-25,2021-05-01,31225
"QC","18_29",2021,18,2021-05-02,2021-05-08,41744
"QC","18_29",2021,19,2021-05-09,2021-05-15,70541
"QC","18_29",2021,20,2021-05-16,2021-05-22,128761
"QC","18_29",2021,21,2021-05-23,2021-05-29,157690
"QC","18_29",2021,22,2021-05-30,2021-06-05,180024
"QC","18_29",2021,23,2021-06-06,2021-06-12,63699
"QC","18_29",2021,24,2021-06-13,2021-06-19,26487
"QC","18_29",2021,25,2021-06-20,2021-06-26,16861
"QC","18_29",2021,26,2021-06-27,2021-07-03,14644
"QC","18_29",2021,27,2021-07-04,2021-07-10,13238
"QC","18_29",2021,28,2021-07-11,2021-07-17,13698
"QC","18_29",2021,29,2021-07-18,2021-07-24,12485
"QC","18_29",2021,30,2021-07-25,2021-07-31,11797
"QC","18_29",2021,31,2021-08-01,2021-08-07,12810
"QC","18_29",2021,32,2021-08-08,2021-08-14,17244
"QC","18_29",2021,33,2021-08-15,2021-08-21,15803
"QC","18_29",2021,34,2021-08-22,2021-08-28,15828
"QC","18_29",2021,35,2021-08-29,2021-09-04,16371
"QC","18_29",2021,36,2021-09-05,2021-09-11,13620
"QC","18_29",2021,37,2021-09-12,2021-09-18,12024
"QC","18_29",2021,38,2021-09-19,2021-09-25,8831
"QC","18_29",2021,39,2021-09-26,2021-10-02,7537
"QC","18_29",2021,40,2021-10-03,2021-10-09,7056
"QC","18_29",2021,41,2021-10-10,2021-10-16,6560
"QC","18_29",2021,42,2021-10-17,2021-10-23,6037
"QC","18_29",2021,43,2021-10-24,2021-10-30,5145
"QC","18_29",2021,44,2021-10-31,2021-11-06,4777
"QC","18_29",2021,45,2021-11-07,2021-11-13,4604
"QC","18_29",2021,46,2021-11-14,2021-11-20,4262
"QC","18_29",2021,47,2021-11-21,2021-11-27,3796
"QC","18_29",2021,48,2021-11-28,2021-12-04,3311
"QC","18_29",2021,49,2021-12-05,2021-12-11,3056
"QC","18_29",2021,50,2021-12-12,2021-12-18,2683
"QC","18_29",2021,51,2021-12-19,2021-12-25,1852
"QC","18_29",2021,52,2021-12-26,2022-01-01,1332
"QC","18_29",2022,1,2022-01-02,2022-01-08,2402
"QC","18_29",2022,2,2022-01-09,2022-01-15,3958
"QC","18_29",2022,3,2022-01-16,2022-01-22,3477
"QC","18_29",2022,4,2022-01-23,2022-01-29,2721
"QC","18_29",2022,5,2022-01-30,2022-02-05,1836
"QC","18_29",2022,6,2022-02-06,2022-02-12,1372
"QC","18_29",2022,7,2022-02-13,2022-02-19,646
"QC","18_29",2022,8,2022-02-20,2022-02-26,472
"QC","18_29",2022,9,2022-02-27,2022-03-05,348
"QC","18_29",2022,10,2022-03-06,2022-03-12,324
"QC","18_29",2022,11,2022-03-13,2022-03-19,235
"QC","18_29",2022,12,2022-03-20,2022-03-26,211
"QC","18_29",2022,13,2022-03-27,2022-04-02,230
"QC","18_29",2022,14,2022-04-03,2022-04-09,227
"QC","18_29",2022,15,2022-04-10,2022-04-16,204
"QC","18_29",2022,16,2022-04-17,2022-04-23,235
"QC","18_29",2022,17,2022-04-24,2022-04-30,259
"QC","18_29",2022,18,2022-05-01,2022-05-07,280
"QC","18_29",2022,19,2022-05-08,2022-05-14,270
"QC","18_29",2022,20,2022-05-15,2022-05-21,277
"QC","18_29",2022,21,2022-05-22,2022-05-28,245
"QC","18_29",2022,22,2022-05-29,2022-06-04,203
"QC","18_29",2022,23,2022-06-05,2022-06-11,202
"QC","18_29",2022,24,2022-06-12,2022-06-18,168
"QC","18_29",2022,25,2022-06-19,2022-06-25,126
"QC","18_29",2022,26,2022-06-26,2022-07-02,90
"QC","18_29",2022,27,2022-07-03,2022-07-09,152
"QC","18_29",2022,28,2022-07-10,2022-07-16,181
"QC","18_29",2022,29,2022-07-17,2022-07-23,163
"QC","18_29",2022,30,2022-07-24,2022-07-30,133
"QC","18_29",2022,31,2022-07-31,2022-08-06,157
"QC","18_29",2022,32,2022-08-07,2022-08-13,134
"QC","18_29",2022,33,2022-08-14,2022-08-20,149
"QC","18_29",2022,34,2022-08-21,2022-08-27,214
"QC","18_29",2022,35,2022-08-28,2022-09-03,150
"QC","18_29",2022,36,2022-09-04,2022-09-10,164
"QC","18_29",2022,37,2022-09-11,2022-09-17,159
"QC","18_29",2022,38,2022-09-18,2022-09-24,134
"QC","18_29",2022,39,2022-09-25,2022-10-01,131
"QC","18_29",2022,40,2022-10-02,2022-10-08,118
"QC","18_29",2022,41,2022-10-09,2022-10-15,101
"QC","18_29",2022,42,2022-10-16,2022-10-22,148
"QC","18_29",2022,43,2022-10-23,2022-10-29,121
"QC","18_29",2022,44,2022-10-30,2022-11-05,160
"QC","18_29",2022,45,2022-11-06,2022-11-12,134
"QC","18_29",2022,46,2022-11-13,2022-11-19,164
"QC","18_29",2022,47,2022-11-20,2022-11-26,164
"QC","18_29",2022,48,2022-11-27,2022-12-03,143
"QC","18_29",2022,49,2022-12-04,2022-12-10,163
"QC","18_29",2022,50,2022-12-11,2022-12-17,142
"QC","18_29",2022,51,2022-12-18,2022-12-24,108
"QC","18_29",2022,52,2022-12-25,2022-12-31,71
"QC","18_29",2023,1,2023-01-01,2023-01-07,102
"QC","18_29",2023,2,2023-01-08,2023-01-14,100
"QC","18_29",2023,3,2023-01-15,2023-01-21,88
"QC","18_29",2023,4,2023-01-22,2023-01-28,59
"QC","18_29",2023,5,2023-01-29,2023-02-04,47
"QC","18_29",2023,6,2023-02-05,2023-02-11,60
"QC","18_29",2023,7,2023-02-12,2023-02-18,42
"QC","18_29",2023,8,2023-02-19,2023-02-25,46
"QC","18_29",2023,9,2023-02-26,2023-02-26,1
"QC","30_39",2020,51,2020-12-14,2020-12-19,977
"QC","30_39",2020,52,2020-12-20,2020-12-26,2101
"QC","30_39",2020,53,2020-12-27,2021-01-02,2358
"QC","30_39",2021,1,2021-01-03,2021-01-09,9102
"QC","30_39",2021,2,2021-01-10,2021-01-16,12603
"QC","30_39",2021,3,2021-01-17,2021-01-23,12171
"QC","30_39",2021,4,2021-01-24,2021-01-30,2803
"QC","30_39",2021,5,2021-01-31,2021-02-06,2463
"QC","30_39",2021,6,2021-02-07,2021-02-13,3627
"QC","30_39",2021,7,2021-02-14,2021-02-20,3524
"QC","30_39",2021,8,2021-02-21,2021-02-27,3954
"QC","30_39",2021,9,2021-02-28,2021-03-06,2674
"QC","30_39",2021,10,2021-03-07,2021-03-13,3214
"QC","30_39",2021,11,2021-03-14,2021-03-20,4737
"QC","30_39",2021,12,2021-03-21,2021-03-27,6404
"QC","30_39",2021,13,2021-03-28,2021-04-03,7681
"QC","30_39",2021,14,2021-04-04,2021-04-10,7408
"QC","30_39",2021,15,2021-04-11,2021-04-17,25412
"QC","30_39",2021,16,2021-04-18,2021-04-24,38841
"QC","30_39",2021,17,2021-04-25,2021-05-01,38289
"QC","30_39",2021,18,2021-05-02,2021-05-08,55553
"QC","30_39",2021,19,2021-05-09,2021-05-15,134015
"QC","30_39",2021,20,2021-05-16,2021-05-22,164351
"QC","30_39",2021,21,2021-05-23,2021-05-29,138562
"QC","30_39",2021,22,2021-05-30,2021-06-05,78112
"QC","30_39",2021,23,2021-06-06,2021-06-12,30912
"QC","30_39",2021,24,2021-06-13,2021-06-19,15755
"QC","30_39",2021,25,2021-06-20,2021-06-26,10669
"QC","30_39",2021,26,2021-06-27,2021-07-03,10396
"QC","30_39",2021,27,2021-07-04,2021-07-10,9886
"QC","30_39",2021,28,2021-07-11,2021-07-17,10100
"QC","30_39",2021,29,2021-07-18,2021-07-24,9630
"QC","30_39",2021,30,2021-07-25,2021-07-31,9598
"QC","30_39",2021,31,2021-08-01,2021-08-07,10161
"QC","30_39",2021,32,2021-08-08,2021-08-14,13116
"QC","30_39",2021,33,2021-08-15,2021-08-21,11612
"QC","30_39",2021,34,2021-08-22,2021-08-28,11492
"QC","30_39",2021,35,2021-08-29,2021-09-04,11258
"QC","30_39",2021,36,2021-09-05,2021-09-11,9910
"QC","30_39",2021,37,2021-09-12,2021-09-18,9487
"QC","30_39",2021,38,2021-09-19,2021-09-25,7089
"QC","30_39",2021,39,2021-09-26,2021-10-02,6231
"QC","30_39",2021,40,2021-10-03,2021-10-09,5895
"QC","30_39",2021,41,2021-10-10,2021-10-16,5526
"QC","30_39",2021,42,2021-10-17,2021-10-23,5018
"QC","30_39",2021,43,2021-10-24,2021-10-30,4265
"QC","30_39",2021,44,2021-10-31,2021-11-06,3748
"QC","30_39",2021,45,2021-11-07,2021-11-13,3276
"QC","30_39",2021,46,2021-11-14,2021-11-20,3266
"QC","30_39",2021,47,2021-11-21,2021-11-27,2878
"QC","30_39",2021,48,2021-11-28,2021-12-04,2574
"QC","30_39",2021,49,2021-12-05,2021-12-11,2523
"QC","30_39",2021,50,2021-12-12,2021-12-18,2181
"QC","30_39",2021,51,2021-12-19,2021-12-25,1624
"QC","30_39",2021,52,2021-12-26,2022-01-01,1292
"QC","30_39",2022,1,2022-01-02,2022-01-08,2459
"QC","30_39",2022,2,2022-01-09,2022-01-15,3810
"QC","30_39",2022,3,2022-01-16,2022-01-22,3239
"QC","30_39",2022,4,2022-01-23,2022-01-29,2497
"QC","30_39",2022,5,2022-01-30,2022-02-05,1654
"QC","30_39",2022,6,2022-02-06,2022-02-12,1112
"QC","30_39",2022,7,2022-02-13,2022-02-19,526
"QC","30_39",2022,8,2022-02-20,2022-02-26,397
"QC","30_39",2022,9,2022-02-27,2022-03-05,271
"QC","30_39",2022,10,2022-03-06,2022-03-12,274
"QC","30_39",2022,11,2022-03-13,2022-03-19,222
"QC","30_39",2022,12,2022-03-20,2022-03-26,239
"QC","30_39",2022,13,2022-03-27,2022-04-02,230
"QC","30_39",2022,14,2022-04-03,2022-04-09,274
"QC","30_39",2022,15,2022-04-10,2022-04-16,269
"QC","30_39",2022,16,2022-04-17,2022-04-23,260
"QC","30_39",2022,17,2022-04-24,2022-04-30,289
"QC","30_39",2022,18,2022-05-01,2022-05-07,302
"QC","30_39",2022,19,2022-05-08,2022-05-14,264
"QC","30_39",2022,20,2022-05-15,2022-05-21,278
"QC","30_39",2022,21,2022-05-22,2022-05-28,230
"QC","30_39",2022,22,2022-05-29,2022-06-04,200
"QC","30_39",2022,23,2022-06-05,2022-06-11,212
"QC","30_39",2022,24,2022-06-12,2022-06-18,127
"QC","30_39",2022,25,2022-06-19,2022-06-25,96
"QC","30_39",2022,26,2022-06-26,2022-07-02,126
"QC","30_39",2022,27,2022-07-03,2022-07-09,139
"QC","30_39",2022,28,2022-07-10,2022-07-16,143
"QC","30_39",2022,29,2022-07-17,2022-07-23,154
"QC","30_39",2022,30,2022-07-24,2022-07-30,127
"QC","30_39",2022,31,2022-07-31,2022-08-06,133
"QC","30_39",2022,32,2022-08-07,2022-08-13,148
"QC","30_39",2022,33,2022-08-14,2022-08-20,154
"QC","30_39",2022,34,2022-08-21,2022-08-27,178
"QC","30_39",2022,35,2022-08-28,2022-09-03,115
"QC","30_39",2022,36,2022-09-04,2022-09-10,141
"QC","30_39",2022,37,2022-09-11,2022-09-17,171
"QC","30_39",2022,38,2022-09-18,2022-09-24,132
"QC","30_39",2022,39,2022-09-25,2022-10-01,138
"QC","30_39",2022,40,2022-10-02,2022-10-08,113
"QC","30_39",2022,41,2022-10-09,2022-10-15,118
"QC","30_39",2022,42,2022-10-16,2022-10-22,150
"QC","30_39",2022,43,2022-10-23,2022-10-29,164
"QC","30_39",2022,44,2022-10-30,2022-11-05,152
"QC","30_39",2022,45,2022-11-06,2022-11-12,125
"QC","30_39",2022,46,2022-11-13,2022-11-19,172
"QC","30_39",2022,47,2022-11-20,2022-11-26,159
"QC","30_39",2022,48,2022-11-27,2022-12-03,189
"QC","30_39",2022,49,2022-12-04,2022-12-10,159
"QC","30_39",2022,50,2022-12-11,2022-12-17,192
"QC","30_39",2022,51,2022-12-18,2022-12-24,115
"QC","30_39",2022,52,2022-12-25,2022-12-31,104
"QC","30_39",2023,1,2023-01-01,2023-01-07,109
"QC","30_39",2023,2,2023-01-08,2023-01-14,107
"QC","30_39",2023,3,2023-01-15,2023-01-21,71
"QC","30_39",2023,4,2023-01-22,2023-01-28,64
"QC","30_39",2023,5,2023-01-29,2023-02-04,40
"QC","30_39",2023,6,2023-02-05,2023-02-11,46
"QC","30_39",2023,7,2023-02-12,2023-02-18,34
"QC","30_39",2023,8,2023-02-19,2023-02-25,32
"QC","30_39",2023,9,2023-02-26,2023-02-26,5
"QC","40_49",2020,51,2020-12-14,2020-12-19,1144
"QC","40_49",2020,52,2020-12-20,2020-12-26,2698
"QC","40_49",2020,53,2020-12-27,2021-01-02,2856
"QC","40_49",2021,1,2021-01-03,2021-01-09,9474
"QC","40_49",2021,2,2021-01-10,2021-01-16,12408
"QC","40_49",2021,3,2021-01-17,2021-01-23,12490
"QC","40_49",2021,4,2021-01-24,2021-01-30,3111
"QC","40_49",2021,5,2021-01-31,2021-02-06,2507
"QC","40_49",2021,6,2021-02-07,2021-02-13,3495
"QC","40_49",2021,7,2021-02-14,2021-02-20,3820
"QC","40_49",2021,8,2021-02-21,2021-02-27,4406
"QC","40_49",2021,9,2021-02-28,2021-03-06,2934
"QC","40_49",2021,10,2021-03-07,2021-03-13,3721
"QC","40_49",2021,11,2021-03-14,2021-03-20,5260
"QC","40_49",2021,12,2021-03-21,2021-03-27,7771
"QC","40_49",2021,13,2021-03-28,2021-04-03,9190
"QC","40_49",2021,14,2021-04-04,2021-04-10,8563
"QC","40_49",2021,15,2021-04-11,2021-04-17,31501
"QC","40_49",2021,16,2021-04-18,2021-04-24,94997
"QC","40_49",2021,17,2021-04-25,2021-05-01,75148
"QC","40_49",2021,18,2021-05-02,2021-05-08,119701
"QC","40_49",2021,19,2021-05-09,2021-05-15,159339
"QC","40_49",2021,20,2021-05-16,2021-05-22,142720
"QC","40_49",2021,21,2021-05-23,2021-05-29,79701
"QC","40_49",2021,22,2021-05-30,2021-06-05,49279
"QC","40_49",2021,23,2021-06-06,2021-06-12,21306
"QC","40_49",2021,24,2021-06-13,2021-06-19,11600
"QC","40_49",2021,25,2021-06-20,2021-06-26,7835
"QC","40_49",2021,26,2021-06-27,2021-07-03,7740
"QC","40_49",2021,27,2021-07-04,2021-07-10,7469
"QC","40_49",2021,28,2021-07-11,2021-07-17,7439
"QC","40_49",2021,29,2021-07-18,2021-07-24,7061
"QC","40_49",2021,30,2021-07-25,2021-07-31,7117
"QC","40_49",2021,31,2021-08-01,2021-08-07,7335
"QC","40_49",2021,32,2021-08-08,2021-08-14,8512
"QC","40_49",2021,33,2021-08-15,2021-08-21,7842
"QC","40_49",2021,34,2021-08-22,2021-08-28,7571
"QC","40_49",2021,35,2021-08-29,2021-09-04,7401
"QC","40_49",2021,36,2021-09-05,2021-09-11,6934
"QC","40_49",2021,37,2021-09-12,2021-09-18,6554
"QC","40_49",2021,38,2021-09-19,2021-09-25,4763
"QC","40_49",2021,39,2021-09-26,2021-10-02,4281
"QC","40_49",2021,40,2021-10-03,2021-10-09,3980
"QC","40_49",2021,41,2021-10-10,2021-10-16,3578
"QC","40_49",2021,42,2021-10-17,2021-10-23,3138
"QC","40_49",2021,43,2021-10-24,2021-10-30,2591
"QC","40_49",2021,44,2021-10-31,2021-11-06,2231
"QC","40_49",2021,45,2021-11-07,2021-11-13,2039
"QC","40_49",2021,46,2021-11-14,2021-11-20,2006
"QC","40_49",2021,47,2021-11-21,2021-11-27,1715
"QC","40_49",2021,48,2021-11-28,2021-12-04,1556
"QC","40_49",2021,49,2021-12-05,2021-12-11,1459
"QC","40_49",2021,50,2021-12-12,2021-12-18,1341
"QC","40_49",2021,51,2021-12-19,2021-12-25,1036
"QC","40_49",2021,52,2021-12-26,2022-01-01,875
"QC","40_49",2022,1,2022-01-02,2022-01-08,1622
"QC","40_49",2022,2,2022-01-09,2022-01-15,2747
"QC","40_49",2022,3,2022-01-16,2022-01-22,2270
"QC","40_49",2022,4,2022-01-23,2022-01-29,1709
"QC","40_49",2022,5,2022-01-30,2022-02-05,1081
"QC","40_49",2022,6,2022-02-06,2022-02-12,656
"QC","40_49",2022,7,2022-02-13,2022-02-19,290
"QC","40_49",2022,8,2022-02-20,2022-02-26,254
"QC","40_49",2022,9,2022-02-27,2022-03-05,161
"QC","40_49",2022,10,2022-03-06,2022-03-12,178
"QC","40_49",2022,11,2022-03-13,2022-03-19,142
"QC","40_49",2022,12,2022-03-20,2022-03-26,145
"QC","40_49",2022,13,2022-03-27,2022-04-02,186
"QC","40_49",2022,14,2022-04-03,2022-04-09,178
"QC","40_49",2022,15,2022-04-10,2022-04-16,205
"QC","40_49",2022,16,2022-04-17,2022-04-23,216
"QC","40_49",2022,17,2022-04-24,2022-04-30,204
"QC","40_49",2022,18,2022-05-01,2022-05-07,222
"QC","40_49",2022,19,2022-05-08,2022-05-14,208
"QC","40_49",2022,20,2022-05-15,2022-05-21,214
"QC","40_49",2022,21,2022-05-22,2022-05-28,181
"QC","40_49",2022,22,2022-05-29,2022-06-04,157
"QC","40_49",2022,23,2022-06-05,2022-06-11,156
"QC","40_49",2022,24,2022-06-12,2022-06-18,88
"QC","40_49",2022,25,2022-06-19,2022-06-25,82
"QC","40_49",2022,26,2022-06-26,2022-07-02,86
"QC","40_49",2022,27,2022-07-03,2022-07-09,105
"QC","40_49",2022,28,2022-07-10,2022-07-16,125
"QC","40_49",2022,29,2022-07-17,2022-07-23,105
"QC","40_49",2022,30,2022-07-24,2022-07-30,101
"QC","40_49",2022,31,2022-07-31,2022-08-06,103
"QC","40_49",2022,32,2022-08-07,2022-08-13,95
"QC","40_49",2022,33,2022-08-14,2022-08-20,90
"QC","40_49",2022,34,2022-08-21,2022-08-27,139
"QC","40_49",2022,35,2022-08-28,2022-09-03,72
"QC","40_49",2022,36,2022-09-04,2022-09-10,93
"QC","40_49",2022,37,2022-09-11,2022-09-17,110
"QC","40_49",2022,38,2022-09-18,2022-09-24,78
"QC","40_49",2022,39,2022-09-25,2022-10-01,66
"QC","40_49",2022,40,2022-10-02,2022-10-08,66
"QC","40_49",2022,41,2022-10-09,2022-10-15,74
"QC","40_49",2022,42,2022-10-16,2022-10-22,88
"QC","40_49",2022,43,2022-10-23,2022-10-29,92
"QC","40_49",2022,44,2022-10-30,2022-11-05,96
"QC","40_49",2022,45,2022-11-06,2022-11-12,91
"QC","40_49",2022,46,2022-11-13,2022-11-19,102
"QC","40_49",2022,47,2022-11-20,2022-11-26,101
"QC","40_49",2022,48,2022-11-27,2022-12-03,102
"QC","40_49",2022,49,2022-12-04,2022-12-10,79
"QC","40_49",2022,50,2022-12-11,2022-12-17,79
"QC","40_49",2022,51,2022-12-18,2022-12-24,70
"QC","40_49",2022,52,2022-12-25,2022-12-31,56
"QC","40_49",2023,1,2023-01-01,2023-01-07,64
"QC","40_49",2023,2,2023-01-08,2023-01-14,66
"QC","40_49",2023,3,2023-01-15,2023-01-21,48
"QC","40_49",2023,4,2023-01-22,2023-01-28,47
"QC","40_49",2023,5,2023-01-29,2023-02-04,29
"QC","40_49",2023,6,2023-02-05,2023-02-11,16
"QC","40_49",2023,7,2023-02-12,2023-02-18,30
"QC","40_49",2023,8,2023-02-19,2023-02-25,18
"QC","40_49",2023,9,2023-02-26,2023-02-26,1
"QC","50_59",2020,51,2020-12-14,2020-12-19,1270
"QC","50_59",2020,52,2020-12-20,2020-12-26,3048
"QC","50_59",2020,53,2020-12-27,2021-01-02,3111
"QC","50_59",2021,1,2021-01-03,2021-01-09,9424
"QC","50_59",2021,2,2021-01-10,2021-01-16,11781
"QC","50_59",2021,3,2021-01-17,2021-01-23,12583
"QC","50_59",2021,4,2021-01-24,2021-01-30,3294
"QC","50_59",2021,5,2021-01-31,2021-02-06,2937
"QC","50_59",2021,6,2021-02-07,2021-02-13,4581
"QC","50_59",2021,7,2021-02-14,2021-02-20,4676
"QC","50_59",2021,8,2021-02-21,2021-02-27,6284
"QC","50_59",2021,9,2021-02-28,2021-03-06,4018
"QC","50_59",2021,10,2021-03-07,2021-03-13,5473
"QC","50_59",2021,11,2021-03-14,2021-03-20,7574
"QC","50_59",2021,12,2021-03-21,2021-03-27,10632
"QC","50_59",2021,13,2021-03-28,2021-04-03,12626
"QC","50_59",2021,14,2021-04-04,2021-04-10,57833
"QC","50_59",2021,15,2021-04-11,2021-04-17,140107
"QC","50_59",2021,16,2021-04-18,2021-04-24,132430
"QC","50_59",2021,17,2021-04-25,2021-05-01,93650
"QC","50_59",2021,18,2021-05-02,2021-05-08,151216
"QC","50_59",2021,19,2021-05-09,2021-05-15,134019
"QC","50_59",2021,20,2021-05-16,2021-05-22,73371
"QC","50_59",2021,21,2021-05-23,2021-05-29,40297
"QC","50_59",2021,22,2021-05-30,2021-06-05,31267
"QC","50_59",2021,23,2021-06-06,2021-06-12,14291
"QC","50_59",2021,24,2021-06-13,2021-06-19,8119
"QC","50_59",2021,25,2021-06-20,2021-06-26,5491
"QC","50_59",2021,26,2021-06-27,2021-07-03,5893
"QC","50_59",2021,27,2021-07-04,2021-07-10,5454
"QC","50_59",2021,28,2021-07-11,2021-07-17,5509
"QC","50_59",2021,29,2021-07-18,2021-07-24,5153
"QC","50_59",2021,30,2021-07-25,2021-07-31,4904
"QC","50_59",2021,31,2021-08-01,2021-08-07,5065
"QC","50_59",2021,32,2021-08-08,2021-08-14,5724
"QC","50_59",2021,33,2021-08-15,2021-08-21,5047
"QC","50_59",2021,34,2021-08-22,2021-08-28,4820
"QC","50_59",2021,35,2021-08-29,2021-09-04,4496
"QC","50_59",2021,36,2021-09-05,2021-09-11,4682
"QC","50_59",2021,37,2021-09-12,2021-09-18,4463
"QC","50_59",2021,38,2021-09-19,2021-09-25,3156
"QC","50_59",2021,39,2021-09-26,2021-10-02,2708
"QC","50_59",2021,40,2021-10-03,2021-10-09,2647
"QC","50_59",2021,41,2021-10-10,2021-10-16,2445
"QC","50_59",2021,42,2021-10-17,2021-10-23,2171
"QC","50_59",2021,43,2021-10-24,2021-10-30,1640
"QC","50_59",2021,44,2021-10-31,2021-11-06,1340
"QC","50_59",2021,45,2021-11-07,2021-11-13,1229
"QC","50_59",2021,46,2021-11-14,2021-11-20,1161
"QC","50_59",2021,47,2021-11-21,2021-11-27,1097
"QC","50_59",2021,48,2021-11-28,2021-12-04,971
"QC","50_59",2021,49,2021-12-05,2021-12-11,889
"QC","50_59",2021,50,2021-12-12,2021-12-18,894
"QC","50_59",2021,51,2021-12-19,2021-12-25,717
"QC","50_59",2021,52,2021-12-26,2022-01-01,645
"QC","50_59",2022,1,2022-01-02,2022-01-08,1291
"QC","50_59",2022,2,2022-01-09,2022-01-15,2299
"QC","50_59",2022,3,2022-01-16,2022-01-22,1856
"QC","50_59",2022,4,2022-01-23,2022-01-29,1406
"QC","50_59",2022,5,2022-01-30,2022-02-05,826
"QC","50_59",2022,6,2022-02-06,2022-02-12,531
"QC","50_59",2022,7,2022-02-13,2022-02-19,246
"QC","50_59",2022,8,2022-02-20,2022-02-26,182
"QC","50_59",2022,9,2022-02-27,2022-03-05,143
"QC","50_59",2022,10,2022-03-06,2022-03-12,96
"QC","50_59",2022,11,2022-03-13,2022-03-19,107
"QC","50_59",2022,12,2022-03-20,2022-03-26,82
"QC","50_59",2022,13,2022-03-27,2022-04-02,120
"QC","50_59",2022,14,2022-04-03,2022-04-09,117
"QC","50_59",2022,15,2022-04-10,2022-04-16,152
"QC","50_59",2022,16,2022-04-17,2022-04-23,149
"QC","50_59",2022,17,2022-04-24,2022-04-30,95
"QC","50_59",2022,18,2022-05-01,2022-05-07,157
"QC","50_59",2022,19,2022-05-08,2022-05-14,129
"QC","50_59",2022,20,2022-05-15,2022-05-21,115
"QC","50_59",2022,21,2022-05-22,2022-05-28,102
"QC","50_59",2022,22,2022-05-29,2022-06-04,102
"QC","50_59",2022,23,2022-06-05,2022-06-11,96
"QC","50_59",2022,24,2022-06-12,2022-06-18,71
"QC","50_59",2022,25,2022-06-19,2022-06-25,54
"QC","50_59",2022,26,2022-06-26,2022-07-02,55
"QC","50_59",2022,27,2022-07-03,2022-07-09,106
"QC","50_59",2022,28,2022-07-10,2022-07-16,82
"QC","50_59",2022,29,2022-07-17,2022-07-23,86
"QC","50_59",2022,30,2022-07-24,2022-07-30,71
"QC","50_59",2022,31,2022-07-31,2022-08-06,79
"QC","50_59",2022,32,2022-08-07,2022-08-13,88
"QC","50_59",2022,33,2022-08-14,2022-08-20,65
"QC","50_59",2022,34,2022-08-21,2022-08-27,89
"QC","50_59",2022,35,2022-08-28,2022-09-03,71
"QC","50_59",2022,36,2022-09-04,2022-09-10,74
"QC","50_59",2022,37,2022-09-11,2022-09-17,72
"QC","50_59",2022,38,2022-09-18,2022-09-24,50
"QC","50_59",2022,39,2022-09-25,2022-10-01,54
"QC","50_59",2022,40,2022-10-02,2022-10-08,62
"QC","50_59",2022,41,2022-10-09,2022-10-15,47
"QC","50_59",2022,42,2022-10-16,2022-10-22,69
"QC","50_59",2022,43,2022-10-23,2022-10-29,73
"QC","50_59",2022,44,2022-10-30,2022-11-05,73
"QC","50_59",2022,45,2022-11-06,2022-11-12,64
"QC","50_59",2022,46,2022-11-13,2022-11-19,71
"QC","50_59",2022,47,2022-11-20,2022-11-26,66
"QC","50_59",2022,48,2022-11-27,2022-12-03,56
"QC","50_59",2022,49,2022-12-04,2022-12-10,57
"QC","50_59",2022,50,2022-12-11,2022-12-17,54
"QC","50_59",2022,51,2022-12-18,2022-12-24,58
"QC","50_59",2022,52,2022-12-25,2022-12-31,49
"QC","50_59",2023,1,2023-01-01,2023-01-07,59
"QC","50_59",2023,2,2023-01-08,2023-01-14,47
"QC","50_59",2023,3,2023-01-15,2023-01-21,30
"QC","50_59",2023,4,2023-01-22,2023-01-28,20
"QC","50_59",2023,5,2023-01-29,2023-02-04,25
"QC","50_59",2023,6,2023-02-05,2023-02-11,18
"QC","50_59",2023,7,2023-02-12,2023-02-18,17
"QC","50_59",2023,8,2023-02-19,2023-02-25,17
"QC","50_59",2023,9,2023-02-26,2023-02-26,1
"QC","60+",2020,51,2020-12-14,2020-12-19,908
"QC","60+",2020,52,2020-12-20,2020-12-26,3165
"QC","60+",2020,53,2020-12-27,2021-01-02,1422
"QC","60+",2021,1,2021-01-03,2021-01-09,22856
"QC","60+",2021,2,2021-01-10,2021-01-16,17254
"QC","60+",2021,3,2021-01-17,2021-01-23,27205
"QC","60+",2021,4,2021-01-24,2021-01-30,9711
"QC","60+",2021,5,2021-01-31,2021-02-06,8935
"QC","60+",2021,6,2021-02-07,2021-02-13,22950
"QC","60+",2021,7,2021-02-14,2021-02-20,39748
"QC","60+",2021,8,2021-02-21,2021-02-27,69826
"QC","60+",2021,9,2021-02-28,2021-03-06,108091
"QC","60+",2021,10,2021-03-07,2021-03-13,155965
"QC","60+",2021,11,2021-03-14,2021-03-20,210855
"QC","60+",2021,12,2021-03-21,2021-03-27,254365
"QC","60+",2021,13,2021-03-28,2021-04-03,275045
"QC","60+",2021,14,2021-04-04,2021-04-10,276358
"QC","60+",2021,15,2021-04-11,2021-04-17,241095
"QC","60+",2021,16,2021-04-18,2021-04-24,159639
"QC","60+",2021,17,2021-04-25,2021-05-01,106671
"QC","60+",2021,18,2021-05-02,2021-05-08,70327
"QC","60+",2021,19,2021-05-09,2021-05-15,44085
"QC","60+",2021,20,2021-05-16,2021-05-22,22711
"QC","60+",2021,21,2021-05-23,2021-05-29,16127
"QC","60+",2021,22,2021-05-30,2021-06-05,14149
"QC","60+",2021,23,2021-06-06,2021-06-12,7441
"QC","60+",2021,24,2021-06-13,2021-06-19,5243
"QC","60+",2021,25,2021-06-20,2021-06-26,3762
"QC","60+",2021,26,2021-06-27,2021-07-03,4044
"QC","60+",2021,27,2021-07-04,2021-07-10,3779
"QC","60+",2021,28,2021-07-11,2021-07-17,4037
"QC","60+",2021,29,2021-07-18,2021-07-24,3860
"QC","60+",2021,30,2021-07-25,2021-07-31,3575
"QC","60+",2021,31,2021-08-01,2021-08-07,3687
"QC","60+",2021,32,2021-08-08,2021-08-14,4279
"QC","60+",2021,33,2021-08-15,2021-08-21,3739
"QC","60+",2021,34,2021-08-22,2021-08-28,3344
"QC","60+",2021,35,2021-08-29,2021-09-04,3193
"QC","60+",2021,36,2021-09-05,2021-09-11,3245
"QC","60+",2021,37,2021-09-12,2021-09-18,3263
"QC","60+",2021,38,2021-09-19,2021-09-25,2425
"QC","60+",2021,39,2021-09-26,2021-10-02,2084
"QC","60+",2021,40,2021-10-03,2021-10-09,1987
"QC","60+",2021,41,2021-10-10,2021-10-16,1827
"QC","60+",2021,42,2021-10-17,2021-10-23,1726
"QC","60+",2021,43,2021-10-24,2021-10-30,1409
"QC","60+",2021,44,2021-10-31,2021-11-06,1128
"QC","60+",2021,45,2021-11-07,2021-11-13,1014
"QC","60+",2021,46,2021-11-14,2021-11-20,940
"QC","60+",2021,47,2021-11-21,2021-11-27,831
"QC","60+",2021,48,2021-11-28,2021-12-04,764
"QC","60+",2021,49,2021-12-05,2021-12-11,701
"QC","60+",2021,50,2021-12-12,2021-12-18,759
"QC","60+",2021,51,2021-12-19,2021-12-25,847
"QC","60+",2021,52,2021-12-26,2022-01-01,782
"QC","60+",2022,1,2022-01-02,2022-01-08,1373
"QC","60+",2022,2,2022-01-09,2022-01-15,2643
"QC","60+",2022,3,2022-01-16,2022-01-22,2165
"QC","60+",2022,4,2022-01-23,2022-01-29,1582
"QC","60+",2022,5,2022-01-30,2022-02-05,949
"QC","60+",2022,6,2022-02-06,2022-02-12,617
"QC","60+",2022,7,2022-02-13,2022-02-19,313
"QC","60+",2022,8,2022-02-20,2022-02-26,227
"QC","60+",2022,9,2022-02-27,2022-03-05,149
"QC","60+",2022,10,2022-03-06,2022-03-12,157
"QC","60+",2022,11,2022-03-13,2022-03-19,122
"QC","60+",2022,12,2022-03-20,2022-03-26,135
"QC","60+",2022,13,2022-03-27,2022-04-02,148
"QC","60+",2022,14,2022-04-03,2022-04-09,195
"QC","60+",2022,15,2022-04-10,2022-04-16,235
"QC","60+",2022,16,2022-04-17,2022-04-23,213
"QC","60+",2022,17,2022-04-24,2022-04-30,235
"QC","60+",2022,18,2022-05-01,2022-05-07,182
"QC","60+",2022,19,2022-05-08,2022-05-14,184
"QC","60+",2022,20,2022-05-15,2022-05-21,154
"QC","60+",2022,21,2022-05-22,2022-05-28,97
"QC","60+",2022,22,2022-05-29,2022-06-04,121
"QC","60+",2022,23,2022-06-05,2022-06-11,103
"QC","60+",2022,24,2022-06-12,2022-06-18,86
"QC","60+",2022,25,2022-06-19,2022-06-25,78
"QC","60+",2022,26,2022-06-26,2022-07-02,117
"QC","60+",2022,27,2022-07-03,2022-07-09,177
"QC","60+",2022,28,2022-07-10,2022-07-16,205
"QC","60+",2022,29,2022-07-17,2022-07-23,215
"QC","60+",2022,30,2022-07-24,2022-07-30,168
"QC","60+",2022,31,2022-07-31,2022-08-06,179
"QC","60+",2022,32,2022-08-07,2022-08-13,128
"QC","60+",2022,33,2022-08-14,2022-08-20,186
"QC","60+",2022,34,2022-08-21,2022-08-27,196
"QC","60+",2022,35,2022-08-28,2022-09-03,179
"QC","60+",2022,36,2022-09-04,2022-09-10,168
"QC","60+",2022,37,2022-09-11,2022-09-17,169
"QC","60+",2022,38,2022-09-18,2022-09-24,164
"QC","60+",2022,39,2022-09-25,2022-10-01,138
"QC","60+",2022,40,2022-10-02,2022-10-08,115
"QC","60+",2022,41,2022-10-09,2022-10-15,160
"QC","60+",2022,42,2022-10-16,2022-10-22,161
"QC","60+",2022,43,2022-10-23,2022-10-29,181
"QC","60+",2022,44,2022-10-30,2022-11-05,145
"QC","60+",2022,45,2022-11-06,2022-11-12,153
"QC","60+",2022,46,2022-11-13,2022-11-19,142
"QC","60+",2022,47,2022-11-20,2022-11-26,154
"QC","60+",2022,48,2022-11-27,2022-12-03,114
"QC","60+",2022,49,2022-12-04,2022-12-10,133
"QC","60+",2022,50,2022-12-11,2022-12-17,128
"QC","60+",2022,51,2022-12-18,2022-12-24,114
"QC","60+",2022,52,2022-12-25,2022-12-31,65
"QC","60+",2023,1,2023-01-01,2023-01-07,117
"QC","60+",2023,2,2023-01-08,2023-01-14,86
"QC","60+",2023,3,2023-01-15,2023-01-21,52
"QC","60+",2023,4,2023-01-22,2023-01-28,51
"QC","60+",2023,5,2023-01-29,2023-02-04,40
"QC","60+",2023,6,2023-02-05,2023-02-11,34
"QC","60+",2023,7,2023-02-12,2023-02-18,29
"QC","60+",2023,8,2023-02-19,2023-02-25,23
"QC","60+",2023,9,2023-02-26,2023-02-26,0
